name_launch,date_utc,success,payloads,rocket,upcoming,launchpad,name_payload,mass_kg,type,orbit,customers
FalconSat,2006-03-24 22:30:00+00:00,False,5eb0e4b5b6c3bb0006eeb1e1,5e9d0d95eda69955f709d1eb,False,5e9e4502f5090995de566f86,FalconSAT-2,20.0,Satellite,LEO,DARPA
DemoSat,2007-03-21 01:10:00+00:00,False,5eb0e4b6b6c3bb0006eeb1e2,5e9d0d95eda69955f709d1eb,False,5e9e4502f5090995de566f86,DemoSAT,4701.5,Satellite,LEO,DARPA
Trailblazer,2008-08-03 03:34:00+00:00,False,5eb0e4b6b6c3bb0006eeb1e3,5e9d0d95eda69955f709d1eb,False,5e9e4502f5090995de566f86,Trailblazer,4701.5,Satellite,LEO,NASA
Trailblazer,2008-08-03 03:34:00+00:00,False,5eb0e4b6b6c3bb0006eeb1e4,5e9d0d95eda69955f709d1eb,False,5e9e4502f5090995de566f86,PRESat,4701.5,Satellite,LEO,ORS
RatSat,2008-09-28 23:15:00+00:00,True,5eb0e4b7b6c3bb0006eeb1e5,5e9d0d95eda69955f709d1eb,False,5e9e4502f5090995de566f86,RatSat,165.0,Satellite,LEO,SpaceX
RazakSat,2009-07-13 03:35:00+00:00,True,5eb0e4b7b6c3bb0006eeb1e6,5e9d0d95eda69955f709d1eb,False,5e9e4502f5090995de566f86,RazakSAT,200.0,Satellite,LEO,ATSB
Falcon 9 Test Flight,2010-06-04 18:45:00+00:00,True,5eb0e4b7b6c3bb0006eeb1e7,5e9d0d95eda69973a809d1ec,False,5e9e4501f509094ba4566f84,Dragon Qualification Unit,4701.5,Dragon Boilerplate,LEO,SpaceX
COTS 1,2010-12-08 15:43:00+00:00,True,5eb0e4b9b6c3bb0006eeb1e8,5e9d0d95eda69973a809d1ec,False,5e9e4501f509094ba4566f84,COTS Demo Flight 1,4701.5,Dragon 1.0,LEO,NASA(COTS)
COTS 1,2010-12-08 15:43:00+00:00,True,5eb0e4b9b6c3bb0006eeb1e9,5e9d0d95eda69973a809d1ec,False,5e9e4501f509094ba4566f84,Cubesats,4701.5,Satellite,LEO,NRO
COTS 2,2012-05-22 07:44:00+00:00,True,5eb0e4bab6c3bb0006eeb1ea,5e9d0d95eda69973a809d1ec,False,5e9e4501f509094ba4566f84,COTS Demo Flight 2,525.0,Dragon 1.0,LEO,NASA(COTS)
CRS-1,2012-10-08 00:35:00+00:00,True,5eb0e4bab6c3bb0006eeb1eb,5e9d0d95eda69973a809d1ec,False,5e9e4501f509094ba4566f84,CRS-1,400.0,Dragon 1.0,ISS,NASA (CRS)
CRS-1,2012-10-08 00:35:00+00:00,True,5eb0e4bab6c3bb0006eeb1ec,5e9d0d95eda69973a809d1ec,False,5e9e4501f509094ba4566f84,Orbcomm-OG2,400.0,Dragon 1.0,LEO,Orbcomm
CRS-2,2013-03-01 19:10:00+00:00,True,5eb0e4bbb6c3bb0006eeb1ed,5e9d0d95eda69973a809d1ec,False,5e9e4501f509094ba4566f84,CRS-2,677.0,Dragon 1.0,ISS,NASA (CRS)
CASSIOPE,2013-09-29 16:00:00+00:00,True,5eb0e4bbb6c3bb0006eeb1ee,5e9d0d95eda69973a809d1ec,False,5e9e4502f509092b78566f87,CASSIOPE,500.0,Satellite,PO,MDA
SES-8,2013-12-03 22:41:00+00:00,True,5eb0e4bbb6c3bb0006eeb1ef,5e9d0d95eda69973a809d1ec,False,5e9e4501f509094ba4566f84,SES-8,3170.0,Satellite,GTO,SES
Thaicom 6,2014-01-06 18:06:00+00:00,True,5eb0e4bbb6c3bb0006eeb1f0,5e9d0d95eda69973a809d1ec,False,5e9e4501f509094ba4566f84,Thaicom 6,3325.0,Satellite,GTO,Thaicom
CRS-3,2014-04-18 19:25:00+00:00,True,5eb0e4bbb6c3bb0006eeb1f1,5e9d0d95eda69973a809d1ec,False,5e9e4501f509094ba4566f84,CRS-3,2296.0,Dragon 1.1,ISS,NASA (CRS)
OG-2 Mission 1,2014-07-14 15:15:00+00:00,True,5eb0e4bcb6c3bb0006eeb1f2,5e9d0d95eda69973a809d1ec,False,5e9e4501f509094ba4566f84,Orbcomm-OG2-M1,1316.0,Satellite,LEO,Orbcomm
AsiaSat 8,2014-08-05 08:00:00+00:00,True,5eb0e4bcb6c3bb0006eeb1f3,5e9d0d95eda69973a809d1ec,False,5e9e4501f509094ba4566f84,AsiaSat 8,4535.0,Satellite,GTO,AsiaSat
AsiaSat 6,2014-09-07 05:00:00+00:00,True,5eb0e4bcb6c3bb0006eeb1f4,5e9d0d95eda69973a809d1ec,False,5e9e4501f509094ba4566f84,AsiaSat 6,4428.0,Satellite,GTO,AsiaSat
CRS-4,2014-09-21 05:52:00+00:00,True,5eb0e4bcb6c3bb0006eeb1f5,5e9d0d95eda69973a809d1ec,False,5e9e4501f509094ba4566f84,CRS-4,2216.0,Dragon 1.1,ISS,NASA (CRS)
CRS-5,2015-01-10 09:47:00+00:00,True,5eb0e4bdb6c3bb0006eeb1f6,5e9d0d95eda69973a809d1ec,False,5e9e4501f509094ba4566f84,CRS-5,2395.0,Dragon 1.1,ISS,NASA (CRS)
DSCOVR,2015-02-11 23:03:00+00:00,True,5eb0e4bdb6c3bb0006eeb1f7,5e9d0d95eda69973a809d1ec,False,5e9e4501f509094ba4566f84,DSCOVR,570.0,Satellite,ES-L1,"NASA, NOAA, USAF"
ABS-3A / Eutelsat 115W B,2015-03-02 03:50:00+00:00,True,5eb0e4bdb6c3bb0006eeb1f8,5e9d0d95eda69973a809d1ec,False,5e9e4501f509094ba4566f84,ABS-3A,1954.0,Satellite,GTO,ABS
ABS-3A / Eutelsat 115W B,2015-03-02 03:50:00+00:00,True,5eb0e4bdb6c3bb0006eeb1f9,5e9d0d95eda69973a809d1ec,False,5e9e4501f509094ba4566f84,Eutelsat 115 West B,2205.0,Satellite,GTO,Eutelsat
CRS-6,2015-04-14 20:10:00+00:00,True,5eb0e4bdb6c3bb0006eeb1fa,5e9d0d95eda69973a809d1ec,False,5e9e4501f509094ba4566f84,CRS-6,1898.0,Dragon 1.1,ISS,NASA (CRS)
TürkmenÄlem 52°E / MonacoSAT,2015-04-27 23:03:00+00:00,True,5eb0e4beb6c3bb0006eeb1fb,5e9d0d95eda69973a809d1ec,False,5e9e4501f509094ba4566f84,TürkmenÄlem 52°E / MonacoSAT,4707.0,Satellite,GTO,Turkmenistan National Space Agency
CRS-7,2015-06-28 14:21:00+00:00,False,5eb0e4beb6c3bb0006eeb1fc,5e9d0d95eda69973a809d1ec,False,5e9e4501f509094ba4566f84,CRS-7,2477.0,Dragon 1.1,ISS,NASA (CRS)
OG-2 Mission 2,2015-12-22 01:29:00+00:00,True,5eb0e4beb6c3bb0006eeb1fd,5e9d0d95eda69973a809d1ec,False,5e9e4501f509094ba4566f84,Orbcomm-OG2-M2,2034.0,Satellite,LEO,Orbcomm
Jason 3,2016-01-17 15:42:00+00:00,True,5eb0e4beb6c3bb0006eeb1fe,5e9d0d95eda69973a809d1ec,False,5e9e4502f509092b78566f87,Jason-3,553.0,Satellite,PO,"NASA, NOAA"
SES-9,2016-03-04 23:35:00+00:00,True,5eb0e4beb6c3bb0006eeb1ff,5e9d0d95eda69973a809d1ec,False,5e9e4501f509094ba4566f84,SES-9,5271.0,Satellite,GTO,SES
CRS-8,2016-04-08 20:43:00+00:00,True,5eb0e4bfb6c3bb0006eeb200,5e9d0d95eda69973a809d1ec,False,5e9e4501f509094ba4566f84,CRS-8,3136.0,Dragon 1.1,ISS,NASA (CRS)
JCSAT-2B,2016-05-06 05:21:00+00:00,True,5eb0e4bfb6c3bb0006eeb201,5e9d0d95eda69973a809d1ec,False,5e9e4501f509094ba4566f84,JCSAT-2B,4696.0,Satellite,GTO,SKY Perfect JSAT Group
Thaicom 8,2016-05-27 21:39:00+00:00,True,5eb0e4bfb6c3bb0006eeb202,5e9d0d95eda69973a809d1ec,False,5e9e4501f509094ba4566f84,Thaicom 8,3100.0,Satellite,GTO,Thaicom
ABS-2A / Eutelsat 117W B,2016-06-15 14:29:00+00:00,True,5eb0e4bfb6c3bb0006eeb203,5e9d0d95eda69973a809d1ec,False,5e9e4501f509094ba4566f84,ABS-2A,1800.0,Satellite,GTO,ABS
ABS-2A / Eutelsat 117W B,2016-06-15 14:29:00+00:00,True,5eb0e4bfb6c3bb0006eeb204,5e9d0d95eda69973a809d1ec,False,5e9e4501f509094ba4566f84,Eutelsat 117 West B,1800.0,Satellite,GTO,Eutelsat
CRS-9,2016-07-18 04:45:00+00:00,True,5eb0e4c0b6c3bb0006eeb205,5e9d0d95eda69973a809d1ec,False,5e9e4501f509094ba4566f84,CRS-9,2257.0,Dragon 1.1,ISS,NASA (CRS)
JCSAT-16,2016-08-14 05:26:00+00:00,True,5eb0e4c1b6c3bb0006eeb206,5e9d0d95eda69973a809d1ec,False,5e9e4501f509094ba4566f84,JCSAT-16,4600.0,Satellite,GTO,SKY Perfect JCSAT Group
Amos-6,2016-09-01 13:07:00+00:00,False,5eb0e4c1b6c3bb0006eeb207,5e9d0d95eda69973a809d1ec,False,5e9e4501f509094ba4566f84,Amos-6,5500.0,Satellite,GTO,Spacecom
Iridium NEXT Mission 1,2017-01-14 17:54:00+00:00,True,5eb0e4c2b6c3bb0006eeb208,5e9d0d95eda69973a809d1ec,False,5e9e4502f509092b78566f87,Iridium NEXT 1,9600.0,Satellite,PO,Iridium Communications
CRS-10,2017-02-19 14:39:00+00:00,True,5eb0e4c3b6c3bb0006eeb209,5e9d0d95eda69973a809d1ec,False,5e9e4502f509094188566f88,CRS-10,2490.0,Dragon 1.1,ISS,NASA (CRS)
EchoStar 23,2017-03-16 06:00:00+00:00,True,5eb0e4c3b6c3bb0006eeb20a,5e9d0d95eda69973a809d1ec,False,5e9e4502f509094188566f88,EchoStar 23,5600.0,Satellite,GTO,EchoStar
SES-10,2017-03-30 22:27:00+00:00,True,5eb0e4c3b6c3bb0006eeb20b,5e9d0d95eda69973a809d1ec,False,5e9e4502f509094188566f88,SES-10,5300.0,Satellite,GTO,SES
NROL-76,2017-05-01 11:15:00+00:00,True,5eb0e4c3b6c3bb0006eeb20c,5e9d0d95eda69973a809d1ec,False,5e9e4502f509094188566f88,NROL-76,4701.5,Satellite,LEO,NRO
Inmarsat-5 F4,2017-05-15 23:21:00+00:00,True,5eb0e4c3b6c3bb0006eeb20d,5e9d0d95eda69973a809d1ec,False,5e9e4502f509094188566f88,Inmarsat-5 F4,6070.0,Satellite,GTO,Inmarsat
CRS-11,2017-06-03 21:07:00+00:00,True,5eb0e4c4b6c3bb0006eeb20e,5e9d0d95eda69973a809d1ec,False,5e9e4502f509094188566f88,CRS-11,2708.0,Dragon 1.1,ISS,NASA (CRS)
BulgariaSat-1,2017-06-23 19:10:00+00:00,True,5eb0e4c4b6c3bb0006eeb20f,5e9d0d95eda69973a809d1ec,False,5e9e4502f509094188566f88,BulgariaSat-1,3669.0,Satellite,GTO,Bulgaria Sat
Iridium NEXT Mission 2,2017-06-25 20:25:00+00:00,True,5eb0e4c4b6c3bb0006eeb210,5e9d0d95eda69973a809d1ec,False,5e9e4502f509092b78566f87,Iridium NEXT 2,9600.0,Satellite,PO,Iridium Communications
Intelsat 35e,2017-07-05 23:35:00+00:00,True,5eb0e4c4b6c3bb0006eeb211,5e9d0d95eda69973a809d1ec,False,5e9e4502f509094188566f88,Intelsat 35e,6761.0,Satellite,GTO,Intelsat
CRS-12,2017-08-14 16:31:00+00:00,True,5eb0e4c4b6c3bb0006eeb212,5e9d0d95eda69973a809d1ec,False,5e9e4502f509094188566f88,CRS-12,2910.0,Dragon 1.1,ISS,NASA (CRS)
FormoSat-5,2017-08-24 18:50:00+00:00,True,5eb0e4c4b6c3bb0006eeb213,5e9d0d95eda69973a809d1ec,False,5e9e4502f509092b78566f87,FormoSat-5,475.0,Satellite,SSO,NSPO (Taiwan)
Boeing X-37B OTV-5,2017-09-07 13:50:00+00:00,True,5eb0e4c5b6c3bb0006eeb214,5e9d0d95eda69973a809d1ec,False,5e9e4502f509094188566f88,X-37B OTV-5,4990.0,Satellite,LEO,USAF
Iridium NEXT Mission 3,2017-10-09 12:37:00+00:00,True,5eb0e4c5b6c3bb0006eeb215,5e9d0d95eda69973a809d1ec,False,5e9e4502f509092b78566f87,Iridium NEXT 3,9600.0,Satellite,PO,Iridium Communications
SES-11 / Echostar 105,2017-10-11 22:53:00+00:00,True,5eb0e4c5b6c3bb0006eeb216,5e9d0d95eda69973a809d1ec,False,5e9e4502f509094188566f88,SES-11 / Echostar 105,5200.0,Satellite,GTO,"SES, Echostar"
KoreaSat 5A,2017-10-30 19:34:00+00:00,True,5eb0e4c5b6c3bb0006eeb217,5e9d0d95eda69973a809d1ec,False,5e9e4502f509094188566f88,KoreaSat 5A,3700.0,Satellite,GTO,KT Corporation
CRS-13,2017-12-15 15:36:00+00:00,True,5eb0e4c5b6c3bb0006eeb218,5e9d0d95eda69973a809d1ec,False,5e9e4501f509094ba4566f84,CRS-13,2205.0,Dragon 1.1,ISS,NASA (CRS)
Iridium NEXT Mission 4,2017-12-23 01:27:23+00:00,True,5eb0e4c6b6c3bb0006eeb219,5e9d0d95eda69973a809d1ec,False,5e9e4502f509092b78566f87,Iridium NEXT 4,9600.0,Satellite,PO,Iridium Communications
ZUMA,2018-01-08 01:00:00+00:00,True,5eb0e4c6b6c3bb0006eeb21a,5e9d0d95eda69973a809d1ec,False,5e9e4501f509094ba4566f84,ZUMA,4701.5,Satellite,LEO,Northrop Grumman
SES-16 / GovSat-1,2018-01-31 21:25:00+00:00,True,5eb0e4c6b6c3bb0006eeb21b,5e9d0d95eda69973a809d1ec,False,5e9e4501f509094ba4566f84,GovSat-1,4230.0,Satellite,GTO,GovSat
Falcon Heavy Test Flight,2018-02-06 20:45:00+00:00,True,5eb0e4c6b6c3bb0006eeb21c,5e9d0d95eda69974db09d1ed,False,5e9e4502f509094188566f88,Tesla Roadster,1350.0,Satellite,HCO,SpaceX
Paz / Starlink Demo,2018-02-22 14:17:00+00:00,True,5eb0e4c6b6c3bb0006eeb21d,5e9d0d95eda69973a809d1ec,False,5e9e4502f509092b78566f87,Paz,1350.0,Satellite,SSO,HisdeSAT
Paz / Starlink Demo,2018-02-22 14:17:00+00:00,True,5eb0e4c6b6c3bb0006eeb21e,5e9d0d95eda69973a809d1ec,False,5e9e4502f509092b78566f87,Tintin A & B,800.0,Satellite,SSO,SpaceX
Hispasat 30W-6,2018-03-06 05:33:00+00:00,True,5eb0e4c7b6c3bb0006eeb21f,5e9d0d95eda69973a809d1ec,False,5e9e4501f509094ba4566f84,Hispasat 30W-6,6092.0,Satellite,GTO,Hispasat
Iridium NEXT Mission 5,2018-03-30 14:13:51+00:00,True,5eb0e4c7b6c3bb0006eeb220,5e9d0d95eda69973a809d1ec,False,5e9e4502f509092b78566f87,Iridium NEXT 5,9600.0,Satellite,PO,Iridium Communications
CRS-14,2018-04-02 20:30:41+00:00,True,5eb0e4c7b6c3bb0006eeb221,5e9d0d95eda69973a809d1ec,False,5e9e4501f509094ba4566f84,CRS-14,2760.0,Dragon 1.1,ISS,NASA (CRS)
TESS,2018-04-18 22:51:00+00:00,True,5eb0e4c7b6c3bb0006eeb222,5e9d0d95eda69973a809d1ec,False,5e9e4501f509094ba4566f84,TESS,350.0,Satellite,HEO,NASA
Bangabandhu-1,2018-05-11 20:14:00+00:00,True,5eb0e4c7b6c3bb0006eeb223,5e9d0d95eda69973a809d1ec,False,5e9e4502f509094188566f88,Bangabandhu-1,3750.0,Satellite,GTO,Bangladesh Gov
Iridium NEXT Mission 6,2018-05-22 19:47:58+00:00,True,5eb0e4c7b6c3bb0006eeb224,5e9d0d95eda69973a809d1ec,False,5e9e4502f509092b78566f87,Iridium NEXT 6,4300.0,Satellite,PO,Iridium Communications
Iridium NEXT Mission 6,2018-05-22 19:47:58+00:00,True,5eb0e4c8b6c3bb0006eeb225,5e9d0d95eda69973a809d1ec,False,5e9e4502f509092b78566f87,GRACE-FO 1-2,1160.0,Satellite,PO,"NASA, DLR"
SES-12,2018-06-04 04:45:00+00:00,True,5eb0e4c8b6c3bb0006eeb226,5e9d0d95eda69973a809d1ec,False,5e9e4501f509094ba4566f84,SES-12,5383.85,Satellite,GTO,SES
CRS-15,2018-06-29 09:42:00+00:00,True,5eb0e4c8b6c3bb0006eeb227,5e9d0d95eda69973a809d1ec,False,5e9e4501f509094ba4566f84,CRS-15,2410.0,Dragon 1.1,ISS,NASA (CRS)
Telstar 19V,2018-07-22 05:50:00+00:00,True,5eb0e4c8b6c3bb0006eeb228,5e9d0d95eda69973a809d1ec,False,5e9e4501f509094ba4566f84,Telstar 19V,7076.0,Satellite,GTO,Telesat
Iridium NEXT Mission 7,2018-07-25 11:39:26+00:00,True,5eb0e4c9b6c3bb0006eeb229,5e9d0d95eda69973a809d1ec,False,5e9e4502f509092b78566f87,Iridium NEXT 7,9600.0,Satellite,PO,Iridium Communications
Merah Putih,2018-08-07 05:18:00+00:00,True,5eb0e4c9b6c3bb0006eeb22a,5e9d0d95eda69973a809d1ec,False,5e9e4501f509094ba4566f84,Telkom-4,5800.0,Satellite,GTO,Telkom
Telstar 18V,2018-09-10 04:45:00+00:00,True,5eb0e4c9b6c3bb0006eeb22b,5e9d0d95eda69973a809d1ec,False,5e9e4501f509094ba4566f84,Telstar 18V,7060.0,Satellite,GTO,Telesat
SAOCOM 1A,2018-10-08 02:22:00+00:00,True,5eb0e4c9b6c3bb0006eeb22c,5e9d0d95eda69973a809d1ec,False,5e9e4502f509092b78566f87,SAOCOM 1A,2800.0,Satellite,SSO,CONAE
Es’hail 2,2018-11-15 20:46:00+00:00,True,5eb0e4c9b6c3bb0006eeb22d,5e9d0d95eda69973a809d1ec,False,5e9e4502f509094188566f88,Es’hail 2,3000.0,Satellite,GTO,Es’hailSat
SSO-A,2018-12-03 18:34:00+00:00,True,5eb0e4c9b6c3bb0006eeb22e,5e9d0d95eda69973a809d1ec,False,5e9e4502f509092b78566f87,SSO-A,4000.0,Satellite,SSO,"Spaceflight Industries, Inc"
CRS-16,2018-12-05 18:16:00+00:00,True,5eb0e4cab6c3bb0006eeb22f,5e9d0d95eda69973a809d1ec,False,5e9e4501f509094ba4566f84,CRS-16,2573.0,Dragon 1.1,ISS,NASA (CRS)
GPS III SV01,2018-12-23 13:51:00+00:00,True,5eb0e4cab6c3bb0006eeb230,5e9d0d95eda69973a809d1ec,False,5e9e4501f509094ba4566f84,GPS III SV01,4400.0,Satellite,MEO,USAF
Iridium NEXT Mission 8,2019-01-11 15:31:00+00:00,True,5eb0e4cab6c3bb0006eeb231,5e9d0d95eda69973a809d1ec,False,5e9e4502f509092b78566f87,Iridium NEXT 8,9600.0,Satellite,PO,Iridium Communications
Nusantara Satu (PSN-6) / S5 / Beresheet,2019-02-22 01:45:00+00:00,True,5eb0e4cab6c3bb0006eeb232,5e9d0d95eda69973a809d1ec,False,5e9e4501f509094ba4566f84,Nusantara Satu (PSN-6),5000.0,Satellite,GTO,Pasifik Satelit Nusantara
Nusantara Satu (PSN-6) / S5 / Beresheet,2019-02-22 01:45:00+00:00,True,5eb0e4cab6c3bb0006eeb233,5e9d0d95eda69973a809d1ec,False,5e9e4501f509094ba4566f84,S5,60.0,Satellite,GTO,Air Force Research Laboratory
Nusantara Satu (PSN-6) / S5 / Beresheet,2019-02-22 01:45:00+00:00,True,5eb0e4cab6c3bb0006eeb234,5e9d0d95eda69973a809d1ec,False,5e9e4501f509094ba4566f84,Beresheet,585.0,Lander,GTO,SpaceIL
CCtCap Demo Mission 1,2019-03-02 07:45:00+00:00,True,5eb0e4cbb6c3bb0006eeb235,5e9d0d95eda69973a809d1ec,False,5e9e4502f509094188566f88,CCtCap Demo Mission 1,12259.0,Crew Dragon,ISS,NASA (CCtCap)
ArabSat 6A,2019-04-11 22:35:00+00:00,True,5eb0e4cbb6c3bb0006eeb236,5e9d0d95eda69974db09d1ed,False,5e9e4502f509094188566f88,ArabSat 6A,6000.0,Satellite,GTO,Arabsat
CRS-17,2019-05-04 06:48:00+00:00,True,5eb0e4cbb6c3bb0006eeb237,5e9d0d95eda69973a809d1ec,False,5e9e4501f509094ba4566f84,CRS-17,2482.0,Dragon 1.1,ISS,NASA (CRS)
Starlink v0.9,2019-05-24 02:30:00+00:00,True,5eb0e4cbb6c3bb0006eeb238,5e9d0d95eda69973a809d1ec,False,5e9e4501f509094ba4566f84,Starlink v0.9,13200.0,Satellite,VLEO,SpaceX
RADARSAT Constellation,2019-06-12 14:17:00+00:00,True,5eb0e4ccb6c3bb0006eeb239,5e9d0d95eda69973a809d1ec,False,5e9e4502f509092b78566f87,RADARSAT Constellation,1425.0,Satellite,SSO,CSA
STP-2,2019-06-25 03:30:00+00:00,True,5eb0e4ccb6c3bb0006eeb23a,5e9d0d95eda69974db09d1ed,False,5e9e4502f509094188566f88,DSX,600.0,Satellite,MEO,USAF
STP-2,2019-06-25 03:30:00+00:00,True,5eb0e4ccb6c3bb0006eeb23b,5e9d0d95eda69974db09d1ed,False,5e9e4502f509094188566f88,COSMIC-2,1668.0,Satellite,LEO,"NOAA, NASA, Taiwan"
STP-2,2019-06-25 03:30:00+00:00,True,5eb0e4ccb6c3bb0006eeb23c,5e9d0d95eda69974db09d1ed,False,5e9e4502f509094188566f88,GPIM,180.0,Satellite,LEO,NASA
STP-2,2019-06-25 03:30:00+00:00,True,5eb0e4ccb6c3bb0006eeb23d,5e9d0d95eda69974db09d1ed,False,5e9e4502f509094188566f88,Oculus-ASR,70.0,Satellite,LEO,Michigan Tech
STP-2,2019-06-25 03:30:00+00:00,True,5eb0e4ccb6c3bb0006eeb23e,5e9d0d95eda69974db09d1ed,False,5e9e4502f509094188566f88,OTB 1,138.0,Satellite,LEO,General Atomics
STP-2,2019-06-25 03:30:00+00:00,True,5eb0e4cdb6c3bb0006eeb23f,5e9d0d95eda69974db09d1ed,False,5e9e4502f509094188566f88,NPSAT 1,86.0,Satellite,LEO,Naval Postgrad School
STP-2,2019-06-25 03:30:00+00:00,True,5eb0e4cdb6c3bb0006eeb240,5e9d0d95eda69974db09d1ed,False,5e9e4502f509094188566f88,Prox-1,71.0,Satellite,LEO,Georgia Tech
STP-2,2019-06-25 03:30:00+00:00,True,5eb0e4cdb6c3bb0006eeb241,5e9d0d95eda69974db09d1ed,False,5e9e4502f509094188566f88,LightSail-B,5.0,Satellite,LEO,Planetary Society
STP-2,2019-06-25 03:30:00+00:00,True,5eb0e4cdb6c3bb0006eeb242,5e9d0d95eda69974db09d1ed,False,5e9e4502f509094188566f88,ARMADILLO,4.0,Satellite,LEO,University of Texas
STP-2,2019-06-25 03:30:00+00:00,True,5eb0e4cdb6c3bb0006eeb243,5e9d0d95eda69974db09d1ed,False,5e9e4502f509094188566f88,FalconSat 7,5.0,Satellite,LEO,USAF Academy
STP-2,2019-06-25 03:30:00+00:00,True,5eb0e4cdb6c3bb0006eeb244,5e9d0d95eda69974db09d1ed,False,5e9e4502f509094188566f88,E-TBEx A & B,4.0,Satellite,LEO,SRI International
STP-2,2019-06-25 03:30:00+00:00,True,5eb0e4cdb6c3bb0006eeb245,5e9d0d95eda69974db09d1ed,False,5e9e4502f509094188566f88,PSat 2,2.0,Satellite,LEO,US Naval Academy
STP-2,2019-06-25 03:30:00+00:00,True,5eb0e4ceb6c3bb0006eeb246,5e9d0d95eda69974db09d1ed,False,5e9e4502f509094188566f88,BRICSat 2,1.0,Satellite,LEO,US Naval Academy
STP-2,2019-06-25 03:30:00+00:00,True,5eb0e4ceb6c3bb0006eeb247,5e9d0d95eda69974db09d1ed,False,5e9e4502f509094188566f88,TEPCE 1 & 2,1.5,Satellite,LEO,Naval Research Lab
STP-2,2019-06-25 03:30:00+00:00,True,5eb0e4ceb6c3bb0006eeb248,5e9d0d95eda69974db09d1ed,False,5e9e4502f509094188566f88,CP9,1.5,Satellite,LEO,Cal Poly
STP-2,2019-06-25 03:30:00+00:00,True,5eb0e4ceb6c3bb0006eeb249,5e9d0d95eda69974db09d1ed,False,5e9e4502f509094188566f88,StangSat,1.0,Satellite,LEO,Merrit Island HS
CRS-18,2019-07-25 22:01:00+00:00,True,5eb0e4ceb6c3bb0006eeb24a,5e9d0d95eda69973a809d1ec,False,5e9e4501f509094ba4566f84,CRS-18,2227.7,Dragon 1.1,ISS,NASA (CRS)
Amos-17,2019-08-06 22:52:00+00:00,True,5eb0e4cfb6c3bb0006eeb24b,5e9d0d95eda69973a809d1ec,False,5e9e4501f509094ba4566f84,Amos-17,6500.0,Satellite,GTO,Spacecom
Starlink-1,2019-11-11 14:56:00+00:00,True,5eb0e4cfb6c3bb0006eeb24c,5e9d0d95eda69973a809d1ec,False,5e9e4501f509094ba4566f84,Starlink-1,15600.0,Satellite,VLEO,SpaceX
CRS-19,2019-12-05 17:29:23+00:00,True,5eb0e4cfb6c3bb0006eeb24d,5e9d0d95eda69973a809d1ec,False,5e9e4501f509094ba4566f84,CRS-19,5000.0,Dragon 1.1,ISS,NASA (CRS)
JCSat 18 / Kacific 1,2019-12-17 00:10:00+00:00,True,5eb0e4cfb6c3bb0006eeb24e,5e9d0d95eda69973a809d1ec,False,5e9e4501f509094ba4566f84,JCSat 18 / Kacific 1,6800.0,Satellite,GTO,"SKY Perfect JSAT Corporation, Kacific Broadband Satellites Pte Ltd"
Starlink-2,2020-01-07 02:19:00+00:00,True,5eb0e4cfb6c3bb0006eeb24f,5e9d0d95eda69973a809d1ec,False,5e9e4501f509094ba4566f84,Starlink-2,15600.0,Satellite,VLEO,SpaceX
Crew Dragon In Flight Abort Test,2020-01-19 14:00:00+00:00,True,5eb0e4d0b6c3bb0006eeb250,5e9d0d95eda69973a809d1ec,False,5e9e4502f509094188566f88,Crew Dragon In Flight Abort Test,4701.5,Crew Dragon,SO,NASA (CCtCap)
Starlink-3,2020-01-29 14:06:00+00:00,True,5eb0e4d0b6c3bb0006eeb251,5e9d0d95eda69973a809d1ec,False,5e9e4501f509094ba4566f84,Starlink-3,15600.0,Satellite,VLEO,SpaceX
Starlink-4,2020-02-17 15:05:55+00:00,True,5eb0e4d0b6c3bb0006eeb252,5e9d0d95eda69973a809d1ec,False,5e9e4501f509094ba4566f84,Starlink-4,15600.0,Satellite,VLEO,SpaceX
CRS-20,2020-03-07 04:50:31+00:00,True,5eb0e4d0b6c3bb0006eeb253,5e9d0d95eda69973a809d1ec,False,5e9e4501f509094ba4566f84,CRS-20,1977.0,Dragon 1.1,ISS,NASA (CRS)
Starlink-5,2020-03-18 12:16:00+00:00,True,5eb0e4d0b6c3bb0006eeb254,5e9d0d95eda69973a809d1ec,False,5e9e4502f509094188566f88,Starlink-5,15600.0,Satellite,VLEO,SpaceX
Starlink-6,2020-04-22 19:30:00+00:00,True,5eb0e4d1b6c3bb0006eeb255,5e9d0d95eda69973a809d1ec,False,5e9e4502f509094188566f88,Starlink-6,15600.0,Satellite,VLEO,SpaceX
CCtCap Demo Mission 2,2020-05-30 19:22:00+00:00,True,5eb0e4d1b6c3bb0006eeb257,5e9d0d95eda69973a809d1ec,False,5e9e4502f509094188566f88,CCtCap Demo Mission 2,9525.0,Crew Dragon,ISS,NASA (CCtCap)
Starlink-7,2020-06-04 01:25:00+00:00,True,5eb0e4d1b6c3bb0006eeb256,5e9d0d95eda69973a809d1ec,False,5e9e4501f509094ba4566f84,Starlink-7,15600.0,Satellite,VLEO,SpaceX
Starlink-8 & SkySat 16-18,2020-06-13 09:21:00+00:00,True,5eb0e4d1b6c3bb0006eeb258,5e9d0d95eda69973a809d1ec,False,5e9e4501f509094ba4566f84,Starlink-8,15600.0,Satellite,VLEO,SpaceX
GPS III SV03 (Columbus),2020-06-30 19:55:00+00:00,True,5eb0e4d2b6c3bb0006eeb25c,5e9d0d95eda69973a809d1ec,False,5e9e4501f509094ba4566f84,GPS III SV03 (Columbus),3880.0,Satellite,MEO,USAF
ANASIS-II,2020-07-20 21:30:00+00:00,True,5eb0e4d2b6c3bb0006eeb25b,5e9d0d95eda69973a809d1ec,False,5e9e4501f509094ba4566f84,ANASIS-II,4701.5,Satellite,GEO,South Korea
Starlink-9 (v1.0) & BlackSky Global 5-6,2020-08-07 05:12:00+00:00,True,5ed9858b1f30554030d45c3e,5e9d0d95eda69973a809d1ec,False,5e9e4502f509094188566f88,Starlink-9,15600.0,Satellite,VLEO,SpaceX
Starlink-9 (v1.0) & BlackSky Global 5-6,2020-08-07 05:12:00+00:00,True,5ee522e32f1f3d474c758123,5e9d0d95eda69973a809d1ec,False,5e9e4502f509094188566f88,BlackSky Global 5-6,112.0,Satellite,SSO,BlackSky Global
Starlink-10 (v1.0) & SkySat 19-21,2020-08-18 14:31:00+00:00,True,5ed9859f1f30554030d45c3f,5e9d0d95eda69973a809d1ec,False,5e9e4501f509094ba4566f84,Starlink-10,15600.0,Satellite,VLEO,SpaceX
"SAOCOM 1B, GNOMES-1, Tyvak-0172",2020-08-30 23:18:00+00:00,True,5eb0e4d1b6c3bb0006eeb259,5e9d0d95eda69973a809d1ec,False,5e9e4501f509094ba4566f84,SAOCOM 1B,1600.0,Satellite,SSO,CONAE
Starlink-11 (v1.0),2020-09-03 12:46:00+00:00,True,5ef6a4600059c33cee4a829e,5e9d0d95eda69973a809d1ec,False,5e9e4502f509094188566f88,Starlink-11,15600.0,Satellite,VLEO,SpaceX
Starlink-12 (v1.0),2020-10-06 11:29:00+00:00,True,5ef6a48e0059c33cee4a829f,5e9d0d95eda69973a809d1ec,False,5e9e4502f509094188566f88,Starlink-12,15600.0,Satellite,VLEO,SpaceX
Starlink-13 (v1.0),2020-10-18 12:25:00+00:00,True,5ef6a4d50059c33cee4a82a1,5e9d0d95eda69973a809d1ec,False,5e9e4502f509094188566f88,Starlink-13,15600.0,Satellite,VLEO,SpaceX
Starlink-14 (v1.0),2020-10-24 15:31:00+00:00,True,5ef6a4ea0059c33cee4a82a2,5e9d0d95eda69973a809d1ec,False,5e9e4501f509094ba4566f84,Starlink-14,15600.0,Satellite,VLEO,SpaceX
GPS III SV04 (Sacagawea),2020-11-05 23:24:00+00:00,True,5eb0e4d2b6c3bb0006eeb25e,5e9d0d95eda69973a809d1ec,False,5e9e4501f509094ba4566f84,GPS III SV04 (Sacagawea),3681.0,Satellite,MEO,United States Space Force
Crew-1,2020-11-16 00:27:00+00:00,True,5eb0e4d2b6c3bb0006eeb25f,5e9d0d95eda69973a809d1ec,False,5e9e4502f509094188566f88,Crew-1,4701.5,Crew Dragon,ISS,NASA (CCtCap)
Sentinel-6 Michael Freilich,2020-11-21 17:17:00+00:00,True,5ed9867c1f30554030d45c40,5e9d0d95eda69973a809d1ec,False,5e9e4502f509092b78566f87,Sentinel-6 Michael Freilich,1440.0,Satellite,PO,NASA
Starlink-15 (v1.0),2020-11-25 02:13:00+00:00,True,5fb95c263a88ae63c9546044,5e9d0d95eda69973a809d1ec,False,5e9e4501f509094ba4566f84,Starlink-15,15600.0,Satellite,VLEO,SpaceX
CRS-21,2020-12-06 16:17:00+00:00,True,5eb0e4d3b6c3bb0006eeb262,5e9d0d95eda69973a809d1ec,False,5e9e4502f509094188566f88,CRS-21,2972.0,Dragon 2.0,ISS,NASA (CRS)
SXM-7,2020-12-13 17:30:00+00:00,True,5eb0e4d2b6c3bb0006eeb25d,5e9d0d95eda69973a809d1ec,False,5e9e4501f509094ba4566f84,SXM-7,7000.0,Satellite,GTO,SiriusXM
NROL-108,2020-12-19 14:00:00+00:00,True,5f839ac7818d8b59f5740d48,5e9d0d95eda69973a809d1ec,False,5e9e4502f509094188566f88,NROL-108,4701.5,Satellite,Unknown,National Reconnaissance Office
Turksat 5A,2021-01-08 02:15:00+00:00,True,5eb0e4d3b6c3bb0006eeb264,5e9d0d95eda69973a809d1ec,False,5e9e4501f509094ba4566f84,Turksat 5A,3500.0,Satellite,GTO,Turksat
Starlink-16 (v1.0),2021-01-20 13:02:00+00:00,True,5fbfedba54ceb10a5664c813,5e9d0d95eda69973a809d1ec,False,5e9e4502f509094188566f88,Starlink-16,15600.0,Satellite,VLEO,SpaceX
Transporter-1,2021-01-24 15:00:00+00:00,True,5fd3871a7faea57d297c86c6,5e9d0d95eda69973a809d1ec,False,5e9e4501f509094ba4566f84,Transporter-1,4701.5,Satellite,SSO,
Starlink-18 (v1.0),2021-02-04 06:19:00+00:00,True,5ff655769257f579ee3a6c64,5e9d0d95eda69973a809d1ec,False,5e9e4501f509094ba4566f84,Starlink-18,15600.0,Satellite,VLEO,SpaceX
Starlink-19 (v1.0),2021-02-16 03:59:00+00:00,True,600f9bc08f798e2a4d5f97a4,5e9d0d95eda69973a809d1ec,False,5e9e4501f509094ba4566f84,Starlink-19,15600.0,Satellite,VLEO,SpaceX
Starlink-17 (v1.0),2021-03-04 08:24:00+00:00,True,5fbfedc654ceb10a5664c814,5e9d0d95eda69973a809d1ec,False,5e9e4502f509094188566f88,Starlink-17,15600.0,Satellite,VLEO,SpaceX
Starlink-20 (v1.0),2021-03-11 08:13:00+00:00,True,600f9bcb8f798e2a4d5f97a5,5e9d0d95eda69973a809d1ec,False,5e9e4501f509094ba4566f84,Starlink-20,15600.0,Satellite,VLEO,SpaceX
Starlink-21 (v1.0),2021-03-14 10:01:00+00:00,True,600f9bd88f798e2a4d5f97a6,5e9d0d95eda69973a809d1ec,False,5e9e4502f509094188566f88,Starlink-21,15600.0,Satellite,VLEO,SpaceX
Starlink-22 (v1.0),2021-03-24 08:28:00+00:00,True,60428afbc041c16716f73cdd,5e9d0d95eda69973a809d1ec,False,5e9e4501f509094ba4566f84,Starlink-22,15600.0,Satellite,VLEO,SpaceX
Starlink-23 (v1.0),2021-04-07 16:34:00+00:00,True,60428b02c041c16716f73cde,5e9d0d95eda69973a809d1ec,False,5e9e4501f509094ba4566f84,Starlink-23,15600.0,Satellite,VLEO,SpaceX
Crew-2,2021-04-23 09:49:00+00:00,True,5fe3b3adb3467846b3242173,5e9d0d95eda69973a809d1ec,False,5e9e4502f509094188566f88,Crew-2,4701.5,Crew Dragon,ISS,NASA (CCtCap)
Starlink-24 (v1.0),2021-04-29 03:44:00+00:00,True,605b4be3aa5433645e37d046,5e9d0d95eda69973a809d1ec,False,5e9e4501f509094ba4566f84,Starlink-24,15600.0,Satellite,VLEO,SpaceX
Starlink-25 (v1.0),2021-05-04 19:01:00+00:00,True,605b4befaa5433645e37d047,5e9d0d95eda69973a809d1ec,False,5e9e4502f509094188566f88,Starlink-25,15600.0,Satellite,VLEO,SpaceX
Starlink-27 (v1.0),2021-05-09 06:42:00+00:00,True,6079bd5e9a06446e8c61bf7c,5e9d0d95eda69973a809d1ec,False,5e9e4501f509094ba4566f84,Starlink-27,15600.0,Satellite,VLEO,SpaceX
Starlink-26 (v1.0) + Capella-6 + Tyvak-0130,2021-05-15 22:54:00+00:00,True,605b4bfcaa5433645e37d048,5e9d0d95eda69973a809d1ec,False,5e9e4502f509094188566f88,Starlink-26,13520.0,Satellite,VLEO,SpaceX
Starlink-26 (v1.0) + Capella-6 + Tyvak-0130,2021-05-15 22:54:00+00:00,True,609f48374a12e4692eae4667,5e9d0d95eda69973a809d1ec,False,5e9e4502f509094188566f88,Capella-6,112.0,Satellite,LEO,Capella Space
Starlink-26 (v1.0) + Capella-6 + Tyvak-0130,2021-05-15 22:54:00+00:00,True,609f49c64a12e4692eae4668,5e9d0d95eda69973a809d1ec,False,5e9e4502f509094188566f88,Tyvak-0130,4701.5,Satellite,LEO,"Tyvak Nano-Satellite Systems Inc, NOAA"
Starlink-28 (v1.0),2021-05-26 18:59:00+00:00,True,6079bd679a06446e8c61bf7d,5e9d0d95eda69973a809d1ec,False,5e9e4501f509094ba4566f84,Starlink-28,15600.0,Satellite,VLEO,SpaceX
CRS-22 & IROSA,2021-06-03 17:29:00+00:00,True,5fe3b642b3467846b324217b,5e9d0d95eda69973a809d1ec,False,5e9e4502f509094188566f88,CRS-22,3328.0,Dragon 2.0,ISS,NASA (CRS)
SXM-8,2021-06-06 04:26:00+00:00,True,5fe3b57db3467846b324217a,5e9d0d95eda69973a809d1ec,False,5e9e4501f509094ba4566f84,SXM-8,7000.0,Satellite,GTO,SiriusXM
GPS III SV05,2021-06-17 16:09:00+00:00,True,5eb0e4d2b6c3bb0006eeb261,5e9d0d95eda69973a809d1ec,False,5e9e4501f509094ba4566f84,GPS III SV05,3681.0,Satellite,MEO,USAF
Transporter-2,2021-06-30 19:31:00+00:00,True,608ac397eb3e50044e3630e7,5e9d0d95eda69973a809d1ec,False,5e9e4501f509094ba4566f84,Transporter-2,4701.5,Satellite,SSO,
CRS-23,2021-08-29 07:14:00+00:00,True,5fe3c4f2b3467846b3242193,5e9d0d95eda69973a809d1ec,False,5e9e4502f509094188566f88,CRS-23,4701.5,Dragon 2.0,ISS,NASA (CRS)
Starlink 2-1 (v1.5),2021-09-14 03:55:00+00:00,True,60e3bf3373359e1e20335c3c,5e9d0d95eda69973a809d1ec,False,5e9e4502f509092b78566f87,Starlink 2-1 (v1.5),15600.0,Satellite,PO,SpaceX
Inspiration4,2021-09-16 00:02:00+00:00,True,607a382f5a906a44023e0867,5e9d0d95eda69973a809d1ec,False,5e9e4502f509094188566f88,Inspiration4,4701.5,Crew Dragon,LEO,Jared Isaacman
Crew-3,2021-11-11 02:03:00+00:00,True,5fe3b3bab3467846b3242174,5e9d0d95eda69973a809d1ec,False,5e9e4502f509094188566f88,Crew-3,12519.0,Crew Dragon,ISS,NASA (CCtCap)
Starlink 4-1 (v1.5),2021-11-13 12:40:00+00:00,True,618fabf0563d69573ed8caa6,5e9d0d95eda69973a809d1ec,False,5e9e4501f509094ba4566f84,Starlink 4-1 (v1.5),13260.0,Satellite,LEO,SpaceX
DART,2021-11-24 06:20:00+00:00,True,5fe3c4a6b3467846b3242192,5e9d0d95eda69973a809d1ec,False,5e9e4502f509092b78566f87,DART (Double Asteroid Redirection Test),670.0,Satellite,TLI,NASA
Starlink 4-3 (v1.5),2021-12-01 23:20:00+00:00,True,6161d0f26db1a92bfba85355,5e9d0d95eda69973a809d1ec,False,5e9e4501f509094ba4566f84,Starlink 4-3 (v1.5),13260.0,Satellite,PO,SpaceX
IXPE,2021-12-09 06:00:00+00:00,True,61c1f395a4a2462678cbf46e,5e9d0d95eda69973a809d1ec,False,5e9e4502f509094188566f88,IPXE,330.0,Satellite,LEO,"NASA, ASI"
Starlink 4-4 (v1.5),2021-12-18 12:41:40+00:00,True,61bbac16437241381bf70632,5e9d0d95eda69973a809d1ec,False,5e9e4502f509092b78566f87,Starlink 4-4 (v1.5),13260.0,Satellite,PO,SpaceX
Türksat 5B,2021-12-19 03:58:00+00:00,True,5fe3c080b3467846b3242190,5e9d0d95eda69973a809d1ec,False,5e9e4501f509094ba4566f84,Türksat 5B,3500.0,Satellite,GTO,Turksat
CRS-24,2021-12-21 10:06:00+00:00,True,6161d22a6db1a92bfba85357,5e9d0d95eda69973a809d1ec,False,5e9e4502f509094188566f88,CRS-24,4701.5,Dragon 2.0,ISS,NASA (CRS)
Starlink 4-5 (v1.5),2022-01-06 21:49:00+00:00,True,61d5ece4f88e4c5fc91f1ebb,5e9d0d95eda69973a809d1ec,False,5e9e4502f509094188566f88,Starlink 4-5 (v1.5),13260.0,Satellite,VLEO,SpaceX
Transporter-3,2022-01-13 15:25:00+00:00,True,6175aaacefa4314085aa9c56,5e9d0d95eda69973a809d1ec,False,5e9e4501f509094ba4566f84,NROL-87,4701.5,Satellite,LEO,"National Reconnaissance Office, USAF"
Starlink 4-6 (v1.5),2022-01-19 00:04:00+00:00,True,61e05516be8d8b66799018d4,5e9d0d95eda69973a809d1ec,False,5e9e4502f509094188566f88,Starlink 4-6 (v1.5),13260.0,Satellite,VLEO,SpaceX
CSG-2,2022-01-31 23:11:12+00:00,True,6161d3a06db1a92bfba8535a,5e9d0d95eda69973a809d1ec,False,5e9e4501f509094ba4566f84,CSG-2,2240.0,Satellite,SSO,ESA
NROL-87,2022-02-02 20:18:00+00:00,True,6175aaacefa4314085aa9c56,5e9d0d95eda69973a809d1ec,False,5e9e4502f509092b78566f87,NROL-87,4701.5,Satellite,LEO,"National Reconnaissance Office, USAF"
Starlink 4-7 (v1.5),2022-02-03 18:13:00+00:00,True,61e05520be8d8b66799018d5,5e9d0d95eda69973a809d1ec,False,5e9e4502f509094188566f88,Starlink 4-7 (v1.5),13260.0,Satellite,VLEO,SpaceX
Starlink 4-8 (v1.5),2022-02-21 14:44:00+00:00,True,61fc02e1e0dc5662b76489b4,5e9d0d95eda69973a809d1ec,False,5e9e4501f509094ba4566f84,Starlink 4-8 (v1.5),13260.0,Satellite,VLEO,SpaceX
Starlink 4-11 (v1.5),2022-02-25 17:12:00+00:00,True,61fc0334e0dc5662b76489b5,5e9d0d95eda69973a809d1ec,False,5e9e4502f509092b78566f87,Starlink 4-11 (v1.5),13260.0,Satellite,VLEO,SpaceX
Starlink 4-9 (v1.5),2022-03-03 14:35:00+00:00,True,61fc0379e0dc5662b76489b6,5e9d0d95eda69973a809d1ec,False,5e9e4502f509094188566f88,Starlink 4-9 (v1.5),13260.0,Satellite,VLEO,SpaceX
Starlink 4-10 (v1.5),2022-03-09 13:45:00+00:00,True,61fc0382e0dc5662b76489b7,5e9d0d95eda69973a809d1ec,False,5e9e4501f509094ba4566f84,Starlink 4-10 (v1.5),13260.0,Satellite,VLEO,SpaceX
Starlink 4-12 (v1.5),2022-03-19 03:24:00+00:00,True,623491e5f051102e1fcedac9,5e9d0d95eda69973a809d1ec,False,5e9e4501f509094ba4566f84,Starlink 4-12 (v1.5),13260.0,Satellite,VLEO,SpaceX
Transporter-4,2022-04-01 16:24:00+00:00,True,6243af62af52800c6e919260,5e9d0d95eda69973a809d1ec,False,5e9e4501f509094ba4566f84,Transporter-4,4701.5,Satellite,SSO,
Ax-1,2022-04-08 15:17:00+00:00,True,61eefb129eb1064137a1bd74,5e9d0d95eda69973a809d1ec,False,5e9e4502f509094188566f88,Ax-1,4701.5,Dragon 2.0,ISS,Axiom Space
NROL-85,2022-04-17 13:13:00+00:00,True,6243b036af52800c6e919262,5e9d0d95eda69973a809d1ec,False,5e9e4502f509092b78566f87,NROL-85,4701.5,Satellite,LEO,"USAF, National Reconnaissance Office"
Starlink 4-14 (v1.5),2022-04-21 15:16:00+00:00,True,6243af9faf52800c6e919261,5e9d0d95eda69973a809d1ec,False,5e9e4501f509094ba4566f84,Starlink 4-14 (v1.5),13260.0,Satellite,VLEO,SpaceX
Crew-4,2022-04-27 07:52:00+00:00,True,6243b1cdaf52800c6e919265,5e9d0d95eda69973a809d1ec,False,5e9e4502f509094188566f88,Crew-4,4701.5,Crew Dragon,ISS,NASA (CCtCap)
Starlink 4-16 (v1.5),2022-04-29 21:27:00+00:00,True,62582aa55988f159024b964d,5e9d0d95eda69973a809d1ec,False,5e9e4501f509094ba4566f84,Starlink 4-16 (v1.5),13260.0,Satellite,VLEO,SpaceX
Starlink 4-17 (v1.5),2022-05-06 09:42:00+00:00,True,62582aad5988f159024b964e,5e9d0d95eda69973a809d1ec,False,5e9e4502f509094188566f88,Starlink 4-17 (v1.5),13260.0,Satellite,VLEO,SpaceX
Starlink 4-13 (v1.5),2022-05-13 22:07:00+00:00,True,625829d75988f159024b9649,5e9d0d95eda69973a809d1ec,False,5e9e4502f509092b78566f87,Starlink 4-13 (v1.5),13260.0,Satellite,VLEO,SpaceX
Starlink 4-15 (v1.5),2022-05-14 20:40:00+00:00,True,625829cf5988f159024b9648,5e9d0d95eda69973a809d1ec,False,5e9e4501f509094ba4566f84,Starlink 4-15 (v1.5),13260.0,Satellite,VLEO,SpaceX
Starlink 4-18 (v1.5),2022-05-18 10:40:00+00:00,True,62615ee40ec008379be596fd,5e9d0d95eda69973a809d1ec,False,5e9e4502f509094188566f88,Starlink 4-18 (v1.5),13260.0,Satellite,VLEO,SpaceX
Transporter-5,2022-05-25 18:27:00+00:00,True,6243b39daf52800c6e919267,5e9d0d95eda69973a809d1ec,False,5e9e4501f509094ba4566f84,Transporter-5,4701.5,Satellite,SSO,
Nilesat-301,2022-06-08 21:04:00+00:00,True,6243b286af52800c6e919266,5e9d0d95eda69973a809d1ec,False,5e9e4501f509094ba4566f84,Nilesat-301,3938.0,Satellite,GEO,Nilesat
Starlink 4-19 (v1.5),2022-06-01 17:08:50+00:00,True,6278484e57b51b752c5c5a63,5e9d0d95eda69973a809d1ec,False,5e9e4502f509094188566f88,Starlink 4-19 (v1.5),13260.0,Satellite,VLEO,SpaceX
SARah 1,2022-06-18 14:19:00+00:00,True,5fe3b2abb3467846b3242172,5e9d0d95eda69973a809d1ec,False,5e9e4502f509092b78566f87,SARah 1,2200.0,Satellite,SSO,"OHB-System, AG, Bundeswehr"
Globalstar FM15,2022-06-19 04:27:00+00:00,True,62adecbcd26f4f711fa53848,5e9d0d95eda69973a809d1ec,False,5e9e4501f509094ba4566f84,Globalstar FM15,700.0,Satellite,LEO,Globalstar
SES-22,2022-06-29 21:04:00+00:00,True,6243b93caf52800c6e91926f,5e9d0d95eda69973a809d1ec,False,5e9e4501f509094ba4566f84,SES-22,3500.0,Satellite,MEO,SES
Starlink 4-21 (v1.5),2022-07-07 13:11:00+00:00,True,630bccc6d36448026ab01639,5e9d0d95eda69973a809d1ec,False,5e9e4501f509094ba4566f84,Starlink 4-21 (v1.5),13260.0,Satellite,VLEO,SpaceX
Starlink 3-1 (v1.5),2022-07-11 01:39:00+00:00,True,630bccd6d36448026ab0163a,5e9d0d95eda69973a809d1ec,False,5e9e4502f509092b78566f87,Starlink 3-1 (v1.5),13260.0,Satellite,VLEO,SpaceX
CRS-25,2022-07-15 00:44:00+00:00,True,6243b835af52800c6e91926d,5e9d0d95eda69973a809d1ec,False,5e9e4502f509094188566f88,CRS-25,4701.5,Dragon 2.0,ISS,NASA (CRS)
Starlink 4-22 (v1.5),2022-07-17 14:50:00+00:00,True,630bce10d36448026ab0163b,5e9d0d95eda69973a809d1ec,False,5e9e4501f509094ba4566f84,Starlink 4-22 (v1.5),13260.0,Satellite,VLEO,SpaceX
Starlink 3-2 (v1.5),2022-07-21 17:13:00+00:00,True,630bce49d36448026ab0163c,5e9d0d95eda69973a809d1ec,False,5e9e4502f509092b78566f87,Starlink 3-2 (v1.5),13260.0,Satellite,VLEO,SpaceX
Starlink 4-25 (v1.5),2022-07-24 00:00:00+00:00,True,630bce79d36448026ab0163d,5e9d0d95eda69973a809d1ec,False,5e9e4501f509094ba4566f84,Starlink 4-25 (v1.5),13260.0,Satellite,VLEO,SpaceX
KPLO,2022-08-04 23:08:00+00:00,True,630bcfe1d36448026ab01641,5e9d0d95eda69973a809d1ec,False,5e9e4501f509094ba4566f84,KPLO,678.0,Satellite,TLI,KARI
Starlink 4-26 (v1.5),2022-08-09 22:57:00+00:00,True,630bcea1d36448026ab0163e,5e9d0d95eda69973a809d1ec,False,5e9e4502f509094188566f88,Starlink 4-26 (v1.5),13260.0,Satellite,VLEO,SpaceX
Starlink 3-3 (v1.5),2022-08-12 21:30:00+00:00,True,630bceb8d36448026ab01640,5e9d0d95eda69973a809d1ec,False,5e9e4502f509092b78566f87,Starlink 3-3 (v1.5),13260.0,Satellite,VLEO,SpaceX
Starlink 4-27 (v1.5),2022-08-19 19:24:00+00:00,True,630bceadd36448026ab0163f,5e9d0d95eda69973a809d1ec,False,5e9e4501f509094ba4566f84,Starlink 4-27 (v1.5),13260.0,Satellite,VLEO,SpaceX
Starlink 4-23 (v1.5),2022-08-28 02:22:00+00:00,True,631614d7ffc78f3b85670716,5e9d0d95eda69973a809d1ec,False,5e9e4502f509094188566f88,Starlink 4-23 (v1.5),13260.0,Satellite,VLEO,SpaceX
Starlink 3-4 (v1.5),2022-08-31 05:40:00+00:00,True,630f63bf18702d4844fb5391,5e9d0d95eda69973a809d1ec,False,5e9e4502f509092b78566f87,Starlink 3-4 (v1.5),13260.0,Satellite,VLEO,SpaceX
Starlink 4-20 (v1.5) & Sherpa LTC-2/Varuna-TDM,2022-09-05 02:09:00+00:00,True,631614e9ffc78f3b85670717,5e9d0d95eda69973a809d1ec,False,5e9e4501f509094ba4566f84,Starlink 4-20 (v1.5),13260.0,Satellite,VLEO,SpaceX
Starlink 4-20 (v1.5) & Sherpa LTC-2/Varuna-TDM,2022-09-05 02:09:00+00:00,True,631617fbffc78f3b8567071d,5e9d0d95eda69973a809d1ec,False,5e9e4501f509094ba4566f84,Varuna-TDM,180.0,Satellite,VLEO,Boeing
Starlink 4-2 (v1.5) & Blue Walker 3,2022-09-11 01:10:00+00:00,True,63161610ffc78f3b85670718,5e9d0d95eda69973a809d1ec,False,5e9e4502f509094188566f88,Starlink 4-2 (v1.5),13260.0,Satellite,VLEO,SpaceX
Starlink 4-2 (v1.5) & Blue Walker 3,2022-09-11 01:10:00+00:00,True,63161872ffc78f3b8567071e,5e9d0d95eda69973a809d1ec,False,5e9e4502f509094188566f88,BlueWalker 3,1500.0,Satellite,VLEO,AST & Science
Starlink 4-34 (v1.5),2022-09-17 01:05:00+00:00,True,63161699ffc78f3b85670719,5e9d0d95eda69973a809d1ec,False,5e9e4501f509094ba4566f84,Starlink 4-34 (v1.5),13260.0,Satellite,VLEO,SpaceX
Starlink 4-35 (v1.5),2022-09-24 23:30:00+00:00,True,631616a7ffc78f3b8567071a,5e9d0d95eda69973a809d1ec,False,5e9e4501f509094ba4566f84,Starlink 4-35 (v1.5),13260.0,Satellite,VLEO,SpaceX
Crew-5,2022-10-05 16:00:00+00:00,True,62dd73ed202306255024d145,5e9d0d95eda69973a809d1ec,False,5e9e4502f509094188566f88,Crew-5,4701.5,Crew Dragon,ISS,NASA (CCtCap)
USSF-44,2022-11-01 13:41:00+00:00,True,5fe3b86eb3467846b324217c,5e9d0d95eda69974db09d1ed,True,5e9e4502f509094188566f88,USSF-44,3700.0,Satellite,GTO,USSF
Starlink 4-36 (v1.5),2022-10-20 14:50:00+00:00,True,631616aeffc78f3b8567071b,5e9d0d95eda69973a809d1ec,True,5e9e4501f509094ba4566f84,Starlink 4-36 (v1.5),13260.0,Satellite,VLEO,SpaceX
Galaxy 33 (15R) & 34 (12R),2022-10-08 23:05:00+00:00,True,Have_no_payloads,5e9d0d95eda69973a809d1ec,True,5e9e4501f509094ba4566f84,Unknown,4701.5,Unknown,Unknown,Unknown
Hotbird 13F,2022-10-15 05:22:00+00:00,True,Have_no_payloads,5e9d0d95eda69973a809d1ec,True,5e9e4501f509094ba4566f84,Unknown,4701.5,Unknown,Unknown,Unknown
Hotbird 13G,2022-11-03 03:24:00+00:00,True,Have_no_payloads,5e9d0d95eda69973a809d1ec,True,5e9e4501f509094ba4566f84,Unknown,4701.5,Unknown,Unknown,Unknown
Galaxy 31 (23R) & 32 (17R),2022-11-08 00:00:00+00:00,True,Have_no_payloads,5e9d0d95eda69973a809d1ec,True,5e9e4501f509094ba4566f84,Unknown,4701.5,Unknown,Unknown,Unknown
Eutelsat 10B,2022-11-15 00:00:00+00:00,True,Have_no_payloads,5e9d0d95eda69973a809d1ec,True,5e9e4501f509094ba4566f84,Unknown,4701.5,Unknown,Unknown,Unknown
ispace Mission 1 & Rashid,2022-11-22 00:00:00+00:00,True,Have_no_payloads,5e9d0d95eda69973a809d1ec,True,5e9e4501f509094ba4566f84,Unknown,4701.5,Unknown,Unknown,Unknown
CRS-26,2022-11-18 22:00:00+00:00,True,Have_no_payloads,5e9d0d95eda69973a809d1ec,True,5e9e4502f509094188566f88,Unknown,4701.5,Unknown,Unknown,Unknown
Starlink 4-37 (v1.5),2022-11-01 00:00:00+00:00,True,Have_no_payloads,5e9d0d95eda69973a809d1ec,True,5e9e4501f509094ba4566f84,Unknown,4701.5,Unknown,Unknown,Unknown
"O3b mPower 1,2",2022-11-01 00:00:00+00:00,True,6243b788af52800c6e91926b,5e9d0d95eda69973a809d1ec,True,5e9e4501f509094ba4566f84,"O3b mPower 1,2",5100.0,Satellite,MEO,SES
SWOT,2022-12-05 00:00:00+00:00,True,Have_no_payloads,5e9d0d95eda69973a809d1ec,True,5e9e4502f509092b78566f87,Unknown,4701.5,Unknown,Unknown,Unknown
SES-18 & SES-19,2022-11-01 00:00:00+00:00,True,Have_no_payloads,5e9d0d95eda69973a809d1ec,True,5e9e4501f509094ba4566f84,Unknown,4701.5,Unknown,Unknown,Unknown
Transporter-6,2022-12-01 00:00:00+00:00,True,Have_no_payloads,5e9d0d95eda69973a809d1ec,True,5e9e4501f509094ba4566f84,Unknown,4701.5,Unknown,Unknown,Unknown
TTL-1,2022-12-01 00:00:00+00:00,True,63161760ffc78f3b8567071c,5e9d0d95eda69973a809d1ec,True,5e9e4502f509092b78566f87,TTL-1,4701.5,Satellite,PO,Space Development Agency
WorldView Legion 1 & 2,2022-12-01 00:00:00+00:00,True,6243b896af52800c6e91926e,5e9d0d95eda69973a809d1ec,True,5e9e4501f509094ba4566f84,WorldView Legion 1 & 2,4701.5,Satellite,SSO,DigitalGlobe
Viasat-3 & Arcturus,2022-12-01 00:00:00+00:00,True,Have_no_payloads,5e9d0d95eda69974db09d1ed,True,5e9e4502f509094188566f88,Unknown,4701.5,Unknown,Unknown,Unknown
O3b mPower 3.4,2022-12-01 00:00:00+00:00,True,6243b788af52800c6e91926b,5e9d0d95eda69973a809d1ec,True,5e9e4501f509094ba4566f84,"O3b mPower 1,2",5100.0,Satellite,MEO,SES
